Section,Type,Original Text (EN),Translation/Replacement,Status,Notes
=== SITE CONFIG (site.ts) ===,,,,,
Global,Title,DecoSupplier - PVC Decorative Film LVT Flooring & Wall Panel Manufacturer,,needs_review,SEO title for all pages
Global,Description,"Factory-direct manufacturer of PVC decorative films, LVT flooring, SPC wall panels, and self-adhesive surface materials. ISO-certified, OEM/ODM, 1000+ patterns in stock. Export to 50+ countries.",,needs_review,SEO description for all pages
Global,Author,DecoSupplier,,needs_review,
Navigation,Home,,,confirmed,
Navigation,Products,,,confirmed,
Navigation,About,,,confirmed,
Navigation,Service,,,confirmed,
Navigation,Product_detail,,,confirmed,
Navigation,Blog,,,confirmed,
Navigation,Blog detail,,,confirmed,
Navigation,Contact,,,confirmed,
=== BASE LAYOUT (BaseLayout.astro) ===,,,,,
SEO,OG Site Name,DecoSupplier,,confirmed,
SEO,OG Locale,en_US,,confirmed,
SEO,Robots,index follow max-image-preview:large,,confirmed,
StructuredData,Organization Name,DecoSupplier,,confirmed,
StructuredData,ContactType,sales,,confirmed,
StructuredData,AvailableLanguage,"English, Chinese",,confirmed,
StructuredData,Telephone,+86-153-0581-9072,,confirmed,
StructuredData,Email,info@decosupplier.com,,confirmed,
StructuredData,StreetAddress,"5th Floor, Huarui Huijin Center, Beigan Sub-district, Xiaoshan District, Hangzhou City, Zhejiang Province, P.R.China",,confirmed,
StructuredData,PostalCode,311200,,needs_review,
=== HEADER (Header.astro) ===,,,,,
Header,Logo,Deco Supplier,,needs_review,Logo text in nav bar
Header,Nav_Products,All Products,,confirmed,
Header,Nav_Products,PVC Decorative Film,,confirmed,
Header,Nav_Products,LVT Flooring,,confirmed,
Header,Nav_Products,SPC Wall Panels,,confirmed,
Header,Nav_Products,Interior Refinishing Film,,confirmed,
Header,Nav_Products,Self-Adhesive Foam Wall Panels,,confirmed,
Header,Nav_Products,3D PVC Wall Panels,,confirmed,
Header,Nav_Products,Peel & Stick Wallpapers,,confirmed,
Header,Nav_Overlay,View All,,confirmed,Hover overlay on product cards
Header,CTA,Request Quote,,confirmed,Top right CTA button
=== FOOTER (Footer.astro) ===,,,,,
Footer,Logo,Deco Supplier,,needs_review,
Footer,Description,"{SITE.description} - same as global",,needs_review,
Footer,Section_QuickLinks,Quick Links,,confirmed,
Footer,Section_Products,Products,,confirmed,
Footer,Section_GetStarted,Get Started,,confirmed,
Footer,Link,Request a Quote,,confirmed,
Footer,Link,About Our Factory,,confirmed,
Footer,Link,Blog & Insights,,confirmed,
Footer,CTA,Get Started,,confirmed,
Footer,BottomBar,{year} DecoSupplier. All rights reserved.,,confirmed,
Footer,BottomBar,Privacy Policy,,confirmed,
Footer,BottomBar,Terms of Service,,confirmed,
Footer,BottomBar,Cookie Policy,,confirmed,
=== HOME PAGE - PremiumHero ===,,,,,
HomeHero,Capsule,Factory Manufacturing & Surface Materials,,needs_review,
HomeHero,Title_Line1,Manufacturing decorative surfaces for,,needs_review,
HomeHero,Title_Line2,real-world applications,,needs_review,
HomeHero,Subtitle,"From pattern development and printing to coating, embossing, and finishing — we manufacture PVC decorative films, LVT flooring, wall panels, and related surface materials for global projects.",,needs_review,
HomeHero,Button_Primary,Request Product Info,,needs_review,
HomeHero,Button_Secondary,View Product Range,,needs_review,
HomeHero,Stat_1,15+ / Years Experience,,needs_review,
HomeHero,Stat_2,1000+ / Patterns Available,,needs_review,
HomeHero,Stat_3,99.9% / Quality Rate,,needs_review,
HomeHero,Stat_4,200+ / Countries Served,,needs_review,
=== HOME PAGE - Product_all ===,,,,,
HomeProducts,Capsule,Our Products,,confirmed,
HomeProducts,Title,"Premium Surface Solutions",,needs_review,
HomeProducts,Subtitle,"DecoSupplier offers a comprehensive range of decorative surface materials — from resilient flooring and wall panels to self-adhesive films and wallpapers — engineered for quality, design, and durability.",,needs_review,
HomeProducts,CTA,Explore All Products,,needs_review,
=== HOME PAGE - Trust_data ===,,,,,
HomeTrust,Capsule,Production Strength,,needs_review,
HomeTrust,Title,Capacity and Consistency,,needs_review,
HomeTrust,Subtitle,"Our factory combines technical experience, production capacity, and quality control to support dependable manufacturing for decorative surface materials.",,needs_review,
HomeTrust,Item1_Title,15+ Years,,needs_review,
HomeTrust,Item1_Desc,Manufacturing and export experience in surface decoration materials,,needs_review,
HomeTrust,Item1_Feature1,Continuous technical accumulation,,needs_review,
HomeTrust,Item1_Feature2,Global market insight,,needs_review,
HomeTrust,Item1_Feature3,Mature supply chain,,needs_review,
HomeTrust,Item2_Title,1000+ Patterns,,needs_review,
HomeTrust,Item2_Desc,"In-stock trendy textures – wood, marble, microcement, and more",,needs_review,
HomeTrust,Item2_Feature1,Wood / stone / cement finishes,,needs_review,
HomeTrust,Item2_Feature2,Yearly trend updates,,needs_review,
HomeTrust,Item2_Feature3,Custom design support,,needs_review,
HomeTrust,Item3_Title,100% Factory-Direct,,needs_review,
HomeTrust,Item3_Desc,No middlemen – full cost and quality control from source,,needs_review,
HomeTrust,Item3_Feature1,Vertically integrated production,,needs_review,
HomeTrust,Item3_Feature2,No intermediary markup,,needs_review,
HomeTrust,Item3_Feature3,Full traceability,,needs_review,
HomeTrust,Item4_Title,"50,000+ m²",,needs_review,
HomeTrust,Item4_Desc,"Modern production base with high-precision printing and automated lines",,needs_review,
HomeTrust,Item4_Feature1,Wide-width calendering lines,,needs_review,
HomeTrust,Item4_Feature2,Smart slitting & packaging,,needs_review,
HomeTrust,Item4_Feature3,Millions of square metres annual capacity,,needs_review,
HomeTrust,Item5_Title,200+ Countries,,needs_review,
HomeTrust,Item5_Desc,"Exporting to over 200 countries, serving global brands and contractors",,needs_review,
HomeTrust,Item5_Feature1,Europe / Americas / Southeast Asia / Middle East,,needs_review,
HomeTrust,Item5_Feature2,International certifications,,needs_review,
HomeTrust,Item5_Feature3,Localised service support,,needs_review,
HomeTrust,Item6_Title,24/7 Support,,needs_review,
HomeTrust,Item6_Desc,"Dedicated technical team – rapid response, custom solutions, and after-sales care",,needs_review,
HomeTrust,Item6_Feature1,Quick inquiry response,,needs_review,
HomeTrust,Item6_Feature2,Free sample delivery,,needs_review,
HomeTrust,Item6_Feature3,Technical guidance after sales,,needs_review,
HomeTrust,CTA,View Manufacturing Capabilities,,needs_review,
=== HOME PAGE - Core_Competencies ===,,,,,
HomeCore,Capsule,Manufacturing Capability,,needs_review,
HomeCore,Title,Built for Production and Consistency,,needs_review,
HomeCore,Subtitle,"Our factory combines pattern development, printing, coating, embossing, and finishing capacity to support reliable production for decorative films, flooring, and wall panels.",,needs_review,
HomeCore,Feature1_Title,Direct Manufacturing Support,,needs_review,
HomeCore,Feature1_Desc,"From sample development to bulk production, our team works directly with your project requirements instead of relying on layers of intermediaries.",,needs_review,
HomeCore,Feature2_Title,Pattern Development & Custom Production,,needs_review,
HomeCore,Feature2_Desc,"We support custom patterns, color matching, surface effects, and product development for PVC films and related decorative materials.",,needs_review,
HomeCore,Feature3_Title,Process Control From Raw Material to Finished Product,,needs_review,
HomeCore,Feature3_Desc,"Inspection and control are built into each stage of production, from incoming material to finished rolls and shipment preparation.",,needs_review,
=== HOME PAGE - Factory_Capabilities ===,,,,,
HomeFactory,Capsule,Factory Capabilities,,needs_review,
HomeFactory,Title,Manufacturing From Print to Finish,,needs_review,
HomeFactory,Subtitle,"Our production flow covers material preparation, printing, coating, embossing, finishing, and shipment preparation for decorative films and related surface products.",,needs_review,
HomeFactory,Step1_Title,Raw Material Sourcing,,needs_review,
HomeFactory,Step1_Desc,"We source premium PVC resins, plasticizers, and stabilizers from certified global suppliers. All raw materials undergo rigorous incoming inspection to ensure consistency and compliance with international standards.",,needs_review,
HomeFactory,Step2_Title,Precision Manufacturing,,needs_review,
HomeFactory,Step2_Desc,"Our advanced production lines feature high-definition rotogravure printing, multi-layer co-extrusion, embossing, and adhesive coating. Fully automated processes ensure consistent quality across every batch.",,needs_review,
HomeFactory,Step3_Title,Quality Control & Testing,,needs_review,
HomeFactory,Step3_Desc,"Every roll undergoes three-tier inspection: raw material testing, in-line production monitoring, and pre-shipment finished goods inspection. We test for scratch resistance, colorfastness, waterproof bonding, and VOC/aldehyde emissions.",,needs_review,
HomeFactory,Step4_Title,Global Logistics & Delivery,,needs_review,
HomeFactory,Step4_Desc,"Our efficient supply chain and flexible production scheduling ensure stable lead times. We coordinate container loading, customs documentation, and international shipping to deliver products to over 200 countries worldwide.",,needs_review,
HomeFactory,Step_LearnMore,Learn more,,needs_review,
HomeFactory,Benefit1_Title,Stable Production Capacity,,needs_review,
HomeFactory,Benefit1_Desc,Consistent manufacturing capability for repeat orders and larger project requirements,,needs_review,
HomeFactory,Benefit2_Title,Reliable Delivery Coordination,,needs_review,
HomeFactory,Benefit2_Desc,Production scheduling and shipment support are coordinated to meet delivery needs across global markets,,needs_review,
HomeFactory,Benefit3_Title,Quality Built Into Each Stage,,needs_review,
HomeFactory,Benefit3_Desc,Inspection and control are applied throughout production to support consistent output,,needs_review,
=== HOME PAGE - PremiumCTA ===,,,,,
HomeCTA,Capsule,Production Inquiry,,needs_review,
HomeCTA,Title,Need Samples or Custom Production?,,needs_review,
HomeCTA,Subtitle,"Contact our production and sales team for samples, custom specifications, and factory-direct quotations tailored to your project.",,needs_review,
HomeCTA,Button_Primary,Request Factory Quote,,needs_review,
HomeCTA,Button_Secondary,Learn About Our Factory,,needs_review,
HomeCTA,Stat_1,15+ / Years Experience,,needs_review,
HomeCTA,Stat_2,ISO 9001 / Certified,,needs_review,
HomeCTA,Stat_3,24/7 / Factory Support,,needs_review,
HomeCTA,Stat_4,200+ / Countries Served,,needs_review,
=== ABOUT PAGE (about.astro) ===,,,,,
About,SEO_Title,"About DecoSupplier - Factory-Grounded Manufacturer of PVC Films, LVT & SPC",,needs_review,
About,Hero_Title,"About DecoSupplier",,needs_review,
About,Hero_Desc,"A manufacturing base in China specializing in PVC decorative films, LVT flooring, SPC wall panels, and related surface materials.",,needs_review,
About,Hero_SubDesc,"We manufacture from printing and coating to finishing and packing, with a focus on stable quality, practical customization, and dependable production support.",,needs_review,
About,Hero_CTA,View Our Products,,needs_review,
About,TrustData_Capsule,The Numbers Behind Our Confidence,,needs_review,
About,TrustData_Title,"Built on Trust & Track Record",,needs_review,
About,TrustData_Subtitle,"Decades of experience, thousands of patterns, and massive capacity — these are the numbers that back every roll we ship.",,needs_review,
About,TrustData_Stat1,15+ / Years of Manufacturing & Export,,needs_review,
About,TrustData_Stat2,1000+ / Print Cylinders in Stock,,needs_review,
About,TrustData_Stat3,50000+ / Monthly Production Capacity (sqm),,needs_review,
About,TrustData_Stat4,7 / Core Product Lines,,needs_review,
About,Story_Capsule,Our Story,,needs_review,
About,Story_Title,It Started with One Printing Line,,needs_review,
About,Story_P1,"DecoSupplier started with one printing line and a small team of workers who had spent over a decade in the PVC film industry. We saw too many good products lose their price edge through layers of middlemen. We saw too many overseas buyers struggle to find a reliable, direct source. So we built our own.",,needs_review,
About,Story_P2,"We don't trade. We don't represent brands. We manufacture — from substrate preparation and pattern printing to finished slitting — all under one roof. No markups. No opaque pricing.",,needs_review,
About,Story_P3,"From that first printing line to today's multi-hectare manufacturing base, from single-category PVC film to seven product lines covering flooring, wall panels, and refinishing films — we stay committed to one thing: helping global buyers get quality materials at a fair price, directly from the source.",,needs_review,
About,Facilities_Capsule,Our Facilities,,needs_review,
About,Facilities_Title,Where Quality Is Made,,needs_review,
About,Facilities_Subtitle,"From raw material processing to finished goods — every facility is equipped to deliver consistent quality and reliable supply.",,needs_review,
About,Facility1_Name,Main Production Base,,needs_review,
About,Facility1_Location,"Zhejiang, China",,needs_review,
About,Facility1_Type,PVC Film Manufacturing,,needs_review,
About,Facility1_Size,"50,000+ sqm",,needs_review,
About,Facility1_Feature1,High-speed gravure printing lines,,needs_review,
About,Facility1_Feature2,Multi-layer co-extrusion,,needs_review,
About,Facility1_Feature3,Embossing & lamination,,needs_review,
About,Facility1_Feature4,Adhesive coating,,needs_review,
About,Facility1_Feature5,Automated slitting,,needs_review,
About,Facility1_Cert,"ISO 9001, ISO 14001, CE Certified",,needs_review,
About,Facility2_Name,R&D & Quality Lab,,needs_review,
About,Facility2_Location,"Zhejiang, China",,needs_review,
About,Facility2_Type,Testing & Innovation,,needs_review,
About,Facility2_Size,"2,000+ sqm",,needs_review,
About,Facility2_Feature1,Scratch resistance testing,,needs_review,
About,Facility2_Feature2,Colorfastness & UV testing,,needs_review,
About,Facility2_Feature3,Waterproof bonding tests,,needs_review,
About,Facility2_Feature4,VOC/aldehyde emission analysis,,needs_review,
About,Facility2_Feature5,Spectrophotometer color matching,,needs_review,
About,Facility2_Cert,"CNAS, ISO 17025",,needs_review,
About,Facility3_Name,Warehouse & Logistics Center,,needs_review,
About,Facility3_Location,"Ningbo Port, China",,needs_review,
About,Facility3_Type,Storage & Export Hub,,needs_review,
About,Facility3_Size,"10,000+ sqm",,needs_review,
About,Facility3_Feature1,Climate-controlled storage,,needs_review,
About,Facility3_Feature2,Container loading docks,,needs_review,
About,Facility3_Feature3,FOB Ningbo/Shanghai,,needs_review,
About,Facility3_Feature4,Customs documentation,,needs_review,
About,Facility3_Feature5,Real-time inventory tracking,,needs_review,
About,Facility3_Cert,"AEO, C-TPAT",,needs_review,
About,Facility4_Name,Calendering & Printing Workshop,,needs_review,
About,Facility4_Location,"Zhejiang, China",,needs_review,
About,Facility4_Type,Film Production,,needs_review,
About,Facility4_Size,"15,000+ sqm",,needs_review,
About,Facility4_Feature1,Wide-width calendering lines,,needs_review,
About,Facility4_Feature2,Temperature-controlled rolls,,needs_review,
About,Facility4_Feature3,High-precision thickness control,,needs_review,
About,Facility4_Feature4,Continuous production workflow,,needs_review,
About,Facility4_Feature5,Real-time quality monitoring,,needs_review,
About,Facility4_Cert,"ISO 9001, CE Certified",,needs_review,
About,Facility5_Name,Surface Treatment Workshop,,needs_review,
About,Facility5_Location,"Zhejiang, China",,needs_review,
About,Facility5_Type,Finishing & Coating,,needs_review,
About,Facility5_Size,"8,000+ sqm",,needs_review,
About,Facility5_Feature1,UV coating application,,needs_review,
About,Facility5_Feature2,Anti-scratch treatments,,needs_review,
About,Facility5_Feature3,Matte & gloss finishing,,needs_review,
About,Facility5_Feature4,Anti-microbial surface options,,needs_review,
About,Facility5_Feature5,Custom texture embossing,,needs_review,
About,Facility5_Cert,"ISO 14001, REACH Compliant",,needs_review,
About,Facility6_Name,Finished Goods & QA Center,,needs_review,
About,Facility6_Location,"Ningbo, China",,needs_review,
About,Facility6_Type,Inspection & Packaging,,needs_review,
About,Facility6_Size,"5,000+ sqm",,needs_review,
About,Facility6_Feature1,Final product inspection,,needs_review,
About,Facility6_Feature2,Roll slitting & packaging,,needs_review,
About,Facility6_Feature3,Barcode & label application,,needs_review,
About,Facility6_Feature4,Shipment preparation,,needs_review,
About,Facility6_Feature5,Export documentation,,needs_review,
About,Facility6_Cert,"ISO 9001, AEO",,needs_review,
About,Equipment_Capsule,Equipment & Capacity,,needs_review,
About,Equipment_Title,Quality Built Into Every Meter,,needs_review,
About,Equipment_P1,"Our manufacturing base spans tens of thousands of square meters. Core equipment includes:",,needs_review,
About,Equipment_Item1,"High-speed gravure printing lines — multi-color registration capability, high precision, minimal color deviation.",,needs_review,
About,Equipment_Item2,Embossing and lamination lines — precise grain alignment with printed patterns.,,needs_review,
About,Equipment_Item3,Adhesive coating equipment — scaled production of self-adhesive products.,,needs_review,
About,Equipment_Item4,Automated slitting and packaging lines — efficient delivery and product protection.,,needs_review,
About,Equipment_P2,"We don't do piecemeal production. We deliver stable, high-volume capacity — built for bulk procurement from global partners.",,needs_review,
About,Quality_Capsule,Quality Philosophy,,needs_review,
About,Quality_Title,Quality is Not a Process — It's a Habit,,needs_review,
About,Quality_P1,"At DecoSupplier, quality control doesn't just happen on the testing bench. It's embedded in every step:",,needs_review,
About,Quality_Item1,Incoming material inspection — every batch of base film ink and adhesive is verified.,,needs_review,
About,Quality_Item2,In-line monitoring — real-time checks along the production line.,,needs_review,
About,Quality_Item3,Finished product testing — scheduled physical tests for wear resistance waterproofing and colorfastness.,,needs_review,
About,Quality_Item4,Pre-shipment verification — the final checkpoint before every roll leaves our warehouse.,,needs_review,
About,Quality_Quote,One quality failure can undo ten trust-building efforts. We'd rather slow down than let a defect pass.,,needs_review,
About,WhyChoose_Capsule,Why Choose DecoSupplier,,needs_review,
About,WhyChoose_Title,What You Get When You Work with Us,,needs_review,
About,WhyChoose_Subtitle,Six reasons why global buyers trust DecoSupplier as their surface materials partner.,,needs_review,
About,WhyChoose1_Title,Factory-Direct Pricing,,needs_review,
About,WhyChoose1_Desc,"No middlemen, no brand markup. You pay for the material itself — not layers of distribution costs.",,needs_review,
About,WhyChoose2_Title,Full Product Range,,needs_review,
About,WhyChoose2_Desc,"From films to flooring to wall panels — seven product lines available for one-stop sourcing. Color-matched across categories, no need to piece together from multiple suppliers.",,needs_review,
About,WhyChoose3_Title,In-House Print Cylinders,,needs_review,
About,WhyChoose3_Desc,"1000+ patterns, all with cylinders owned in-house. No reliance on external plate-makers. Faster turnaround on pattern changes, reorders, and new designs.",,needs_review,
About,WhyChoose4_Title,Customization Flexibility,,needs_review,
About,WhyChoose4_Desc,"Sample-based or design-based customization, OEM/ODM private labeling all supported. Cylinder engraving costs are deductible from bulk order payments — lowering your startup investment.",,needs_review,
About,WhyChoose5_Title,Communication & Delivery,,needs_review,
About,WhyChoose5_Desc,"FOB from major Chinese ports (Ningbo/Shanghai/Yiwu) with stable lead times. Direct export team communication — no middlemen, no language barriers.",,needs_review,
About,WhyChoose6_Title,Value-Added Services,,needs_review,
About,WhyChoose6_Desc,"Real-time order status syncing via API (connect to your procurement system) and initial trademark & patent risk screening consultation — making cross-border sourcing more secure.",,needs_review,
About,Values_Capsule,What We Believe In,,needs_review,
About,Values_Title,Our Values,,needs_review,
About,Values_Subtitle,"Five beliefs that guide everything we do — from the factory floor to every customer conversation.",,needs_review,
About,Values_1,Quality materials don't need middlemen.,,needs_review,
About,Values_2,"Factories should be transparent, not guarded.",,needs_review,
About,Values_3,Every inquiry is the start of a trust relationship.,,needs_review,
About,Values_4,Long-term partnership beats a one-off deal.,,needs_review,
About,Values_5,"Made in China doesn't mean cheap — it can be both quality and fair.",,needs_review,
About,Team_Capsule,Our Team,,needs_review,
About,Team_Title,The People Behind The Products,,needs_review,
About,Team_Desc,"We are a group of ordinary people who have spent over a decade in the PVC film industry. We know the process. We know production. We know exporting. And we know how to speak honestly to our customers.",,needs_review,
About,Team_Member,Team Member / Role Title,,placeholder,Placeholder - needs real team data
About,Global_Capsule,Global Network Coverage,,needs_review,
About,Global_Title,Exporting to 200+ Countries,,needs_review,
About,Global_Subtitle,"DecoSupplier serves global markets with reliable shipping and localised support across Europe, the Americas, Southeast Asia, and the Middle East.",,needs_review,
About,Global_Map,Global Export Network,,needs_review,
About,Global_MapSub,"Serving Europe · Americas · Southeast Asia · Middle East · Africa",,needs_review,
About,Global_Region1,Europe / Germany · UK · France · Italy,,needs_review,
About,Global_Region2,Americas / USA · Canada · Mexico · Brazil,,needs_review,
About,Global_Region3,Southeast Asia / Vietnam · Thailand · Malaysia,,needs_review,
About,Global_Region4,Middle East / UAE · Saudi · Turkey,,needs_review,
About,Global_Footnote,200+ countries served worldwide with stable lead times and reliable logistics.,,needs_review,
About,CTA_Capsule,Visit Our Factory — Or Start with an Inquiry,,needs_review,
About,CTA_Title,Ready to Work with DecoSupplier?,,needs_review,
About,CTA_Subtitle,"We welcome factory visits and online conversations. Either way, you're talking directly to the decision-makers.",,needs_review,
About,CTA_Button,Contact Us,,needs_review,
About,CTA_Footnote,DecoSupplier.com — From Film to Finish,,needs_review,
=== SERVICE PAGE (Service.astro) ===,,,,,
Service,SEO_Title,"OEM/ODM Service & Custom Manufacturing for PVC Films, LVT & Wall Panels",,needs_review,
Service,Hero_Capsule,From Printing to Finished Product,,needs_review,
Service,Hero_Title,"Manufacturing & Custom Production",,needs_review,
Service,Hero_Desc,"Factory-based production for PVC decorative films, LVT flooring, wall panels, and related surface materials.",,needs_review,
Service,Hero_SubDesc,"We support sample development, pattern customization, printing, coating, embossing, slitting, and shipment preparation for global buyers who need reliable production capacity.",,needs_review,
Service,Hero_CTA,Start Your Inquiry,,needs_review,
Service,Pillar_Capsule,Our Service Core,,needs_review,
Service,Pillar_Title,Three Core Manufacturing Capabilities,,needs_review,
Service,Pillar_Subtitle,"Our service focus is on practical production support, product customization, and dependable execution.",,needs_review,
Service,Pillar1_Title,Direct Manufacturing & Full Category Matching,,needs_review,
Service,Pillar1_Desc,"3 in-house factories covering 7 product categories. One-stop sourcing with perfectly matched patterns across films, floors, and wall panels.",,needs_review,
Service,Pillar2_Title,Flexible OEM/ODM Customization,,needs_review,
Service,Pillar2_Desc,"Supports sample/design-based customization & private labeling. 1000+ in-house cylinders for fast development. We also offer IP infringement risk assessment for target markets.",,needs_review,
Service,Pillar3_Title,Digital Delivery & Order Sync,,needs_review,
Service,Pillar3_Desc,Real-time API integration with your CRM/ERP. Production progress and inventory sync automatically making global procurement totally transparent and efficient.,,needs_review,
Service,Flow_Capsule,Custom Service Flow,,needs_review,
Service,Flow_Title,Dedicated Custom Channel — 8 Clear Steps,,needs_review,
Service,Flow_Subtitle,"A transparent step-by-step roadmap, from your first inquiry to global delivery.",,needs_review,
Service,Step01_Title,Pattern or Sample Request,,needs_review,
Service,Step01_Desc,"Provide your reference patterns, target price, or physical samples.",,needs_review,
Service,Step02_Title,IP Compliance Assessment,,needs_review,
Service,Step02_Desc,We analyze potential infringement risks for your target market (exclusive service).,,needs_review,
Service,Step03_Title,Specification Confirmation,,needs_review,
Service,Step03_Desc,"Confirm product structure, thickness, and surface finish.",,needs_review,
Service,Step04_Title,Sampling & Quotation,,needs_review,
Service,Step04_Desc,Accurate costing for sampling and bulk production based on precise specs.,,needs_review,
Service,Step05_Title,Sample Approval & Compliance Review,,needs_review,
Service,Step05_Desc,Confirm sample performance and prepare export compliance documents.,,needs_review,
Service,Step06_Title,Deposit & Production Scheduling,,needs_review,
Service,Step06_Desc,Production slots are scheduled upon receiving the deposit.,,needs_review,
Service,Step07_Title,Production & Real-Time Sync,,needs_review,
Service,Step07_Desc,In-line quality checks during production; progress synced via SaaS portal.,,needs_review,
Service,Step08_Title,"Final QC, Balance & Global Shipping",,needs_review,
Service,Step08_Desc,"Final pre-shipment verification, balance payment, and FOB shipping.",,needs_review,
Service,Options_Capsule,Options & Products,,needs_review,
Service,Options_Title, Customization Options & 7 Product Lines,,needs_review,
Service,Options_Subtitle,Select your service based on our customization options and product portfolio.,,needs_review,
Service,Option_ProductType,"Product Type: PVC Decorative Film, LVT Flooring, SPC Wall Panels, Interior Refinishing Film, Self-Adhesive Foam Wall Panels, 3D PVC Wall Panels, Peel & Stick Wallpapers",,needs_review,
Service,Option_Patterns,"Patterns & Designs: 1000+ In-house patterns / Customer-supplied designs / Professional designer collaboration",,needs_review,
Service,Option_Finish,"Surface Finish: Matte, Flat, Embossed, 3D EIR (Synchronous Embossing)",,needs_review,
Service,Option_Structure,"Product Structure: Custom thickness, wear layer selection, adhesive type (Self-adhesive / Non-adhesive / Composite)",,needs_review,
Service,Option_Packaging,"Packaging & Labeling: Custom carton layout (header boxes / color boxes / white boxes), shipping marks, and barcode printing",,needs_review,
Service,Products_Subtitle,7 Core Product Categories,,needs_review,
Service,QC_Capsule,Quality & Value-Added,,needs_review,
Service,QC_Title,Quality is the Baseline; Value-Added Services Are the Plus,,needs_review,
Service,QC_Section1,I. 4-Stage Quality Control,,needs_review,
Service,QC_Item1,"Incoming Material Inspection: Base films, inks, and adhesives",,needs_review,
Service,QC_Item2,In-Line Monitoring: Real-time production line checks,,needs_review,
Service,QC_Item3,"Finished Product Testing: Wear resistance, waterproofing, and colorfastness tests",,needs_review,
Service,QC_Item4,Pre-Shipment Verification: The final checkpoint before dispatch,,needs_review,
Service,QC_Section2,II. Exclusive Value-Added Support,,needs_review,
Service,VA_Title1,OEM Compliance Advisory,,needs_review,
Service,VA_Desc1,We provide an initial pattern/design infringement risk assessment for your target market preventing compliance issues from the start.,,needs_review,
Service,VA_Title2,Digital Progress Sync,,needs_review,
Service,VA_Desc2,Standardized ERP APIs or a dedicated SaaS portal provide real-time production & QC status updates eliminating email follow-ups.,,needs_review,
Service,WhyUs_Capsule,Why Choose Us,,needs_review,
Service,WhyUs_Title,Why Choose Our Services,,needs_review,
Service,WhyUs_Subtitle,The essential guide to partnering with us.,,needs_review,
Service,WhyUs1_Title,Factory-Direct Pricing,,needs_review,
Service,WhyUs1_Desc,No middlemen. Pay only for true material costs and fair margins.,,needs_review,
Service,WhyUs2_Title,In-House Cylinder Library,,needs_review,
Service,WhyUs2_Desc,"1000+ in-house cylinders. Low mold setup costs, credited against bulk orders.",,needs_review,
Service,WhyUs3_Title,Comprehensive Product Range,,needs_review,
Service,WhyUs3_Desc,"7 core product lines. Matching patterns across films, floors, and wall panels, all from one source.",,needs_review,
Service,WhyUs4_Title,Proactive Compliance Screening,,needs_review,
Service,WhyUs4_Desc,Pre-production infringement risk assessment for target markets to avoid takedowns and costly disputes.,,needs_review,
Service,WhyUs5_Title,Transparent Order Tracking,,needs_review,
Service,WhyUs5_Desc,Real-time production progress synced via SaaS/API. No more endless email chasing.,,needs_review,
Service,WhyUs6_Title,Low MOQ & Easy Start,,needs_review,
Service,WhyUs6_Desc,Small trial orders supported. Quick sampling to confirm quality before bulk scaling.,,needs_review,
Service,Beliefs_Capsule,Our Beliefs,,needs_review,
Service,Beliefs_Title,Our Service Philosophies,,needs_review,
Service,Beliefs_Subtitle,Delivering B2B professionalism and reliability.,,needs_review,
Service,Belief_1,More than materials—a secure supply chain.,,needs_review,
Service,Belief_2,Zero compliance-risk issues leave our factory.,,needs_review,
Service,Belief_3,"Total transparency, including real-time production status.",,needs_review,
Service,Belief_4,We value repeat orders over one-off deals.,,needs_review,
Service,Belief_5,Fair prices with services that exceed expectations.,,needs_review,
Service,Team_Capsule,Service Team,,needs_review,
Service,Team_Title,"Hands-On Experts in Technology, Manufacturing, and Global Markets",,needs_review,
Service,Team_Desc,"A pragmatic team rooted in the PVC industry, experienced in printing, adhesive, and export. Dedicated project managers handle everything from sampling to risk assessment and system integration. Your reliable overseas supply chain partner.",,needs_review,
Service,CTA_Capsule,Let's Talk,,needs_review,
Service,CTA_Title,Ready to Start Your Custom Project?,,needs_review,
Service,CTA_Subtitle,"Need samples, bulk orders, or a SaaS test? Speak directly to our factory team.",,needs_review,
Service,CTA_Button,Contact Us Now,,needs_review,
=== CONTACT PAGE (contact.astro) ===,,,,,
Contact,SEO_Title,"Contact DecoSupplier - Get a Quote for Surface Materials",,needs_review,
Contact,Hero_Title,"Contact DecoSupplier",,needs_review,
Contact,Hero_Desc,"Get a customized quote for decorative films, flooring, and wall panels tailored to your project specifications. We typically respond within 24 hours.",,needs_review,
Contact,Sidebar_NeedHelp,Need Help?,,needs_review,
Contact,Phone_Label,Phone,,needs_review,
Contact,Phone_Value,"+86 153 0581 9072",,confirmed,
Contact,Phone_Hours,"Mon-Fri, 8:00 AM - 6:00 PM (UTC+8)",,needs_review,
Contact,Email_Label,Email,,needs_review,
Contact,Email_Value,info@decosupplier.com,,confirmed,
Contact,Email_Note,24-hour response guaranteed,,needs_review,
Contact,Office_Label,Office Location,,needs_review,
Contact,Office_City,"Hangzhou, Zhejiang",,needs_review,
Contact,Office_Address,"5th Floor, Huarui Huijin Center, Beigan Sub-district, Xiaoshan District, Hangzhou City, Zhejiang Province, P.R.China",,confirmed,
Contact,Factory_Label,Factory Location,,needs_review,
Contact,Factory_City,"Huangshan, Anhui",,needs_review,
Contact,Factory_Address,"She County Economic Development Zone, Huangshan City, Anhui Province, P.R.China",,confirmed,
Contact,HowWeWork_Title,How We Work,,needs_review,
Contact,Step1_Label,Consultation,,needs_review,
Contact,Step1_Desc,We discuss your project needs and specifications,,needs_review,
Contact,Step2_Label,Sampling,,needs_review,
Contact,Step2_Desc,Free samples sent for your approval,,needs_review,
Contact,Step3_Label,Production,,needs_review,
Contact,Step3_Desc,Full-scale manufacturing with quality control,,needs_review,
Contact,Step4_Label,Delivery,,needs_review,
Contact,Step4_Desc,Reliable shipping to your destination,,needs_review,
Contact,WhyUs_Title,Why Choose Us?,,needs_review,
Contact,WhyUs_1,15+ years of manufacturing expertise,,needs_review,
Contact,WhyUs_2,1000+ in-stock print cylinders,,needs_review,
Contact,WhyUs_3,ISO & CE certified production,,needs_review,
Contact,WhyUs_4,Exporting to 200+ countries,,needs_review,
Contact,Trust_Capsule,Trusted by Industry Leaders,,needs_review,
Contact,Trust_Title,"Why Global Buyers Choose DecoSupplier",,needs_review,
Contact,Trust_Subtitle,"From single-family homes to commercial projects, our surface materials are trusted by brands and contractors worldwide.",,needs_review,
Contact,Trust1_Title,Factory-Direct Quality,,needs_review,
Contact,Trust1_Desc,"No middlemen — you pay for the material itself, not layers of markup.",,needs_review,
Contact,Trust2_Title,Unmatched Selection,,needs_review,
Contact,Trust2_Desc,"1000+ patterns in stock — wood, marble, microcement, and more.",,needs_review,
Contact,Trust3_Title,Expert Support,,needs_review,
Contact,Trust3_Desc,"Direct factory team support — no language barriers, no middlemen.",,needs_review,
Contact,CTA_Title,Ready to Start Your Project?,,needs_review,
Contact,CTA_Desc,Contact us today for free sample swatches and factory-direct quotes.,,needs_review,
Contact,CTA_Button,Get Your Quote Now,,needs_review,
=== PRODUCTS PAGE (products.astro) ===,,,,,
Products,SEO_Title,Product Series - DecoSupplier,,needs_review,
Products,Hero_Capsule,Premium Surface Solutions,,needs_review,
Products,Hero_Title,Our Product Collections,,needs_review,
Products,Hero_Desc,"Explore DecoSupplier's comprehensive range of decorative surface materials — from flexible films to rigid panels, engineered for wall, floor, and furniture applications with factory-direct quality and OEM/ODM capabilities.",,needs_review,
Products,Hero_CTA,Browse Our Products,,needs_review,
Products,Product1_Title,PVC Decorative Film,,needs_review,
Products,Product1_Desc,"High-performance surface wrapping and vacuum pressing films for furniture, kitchen cabinets, and interior doors — available in wood grain, marble, and solid color finishes with superior scratch and stain resistance.",,needs_review,
Products,Product1_Feature1,Wood grain / marble / solid colors,,needs_review,
Products,Product1_Feature2,Scratch & stain resistant,,needs_review,
Products,Product1_Feature3,Wrapping & vacuum press compatible,,needs_review,
Products,Product1_Feature4,Multiple thickness options,,needs_review,
Products,Product2_Title,LVT Flooring,,needs_review,
Products,Product2_Desc,"Premium luxury vinyl tile flooring for commercial and residential spaces — featuring realistic wood and stone visuals, exceptional durability, acoustic comfort, and easy maintenance.",,needs_review,
Products,Product2_Feature1,Waterproof & scratch-resistant,,needs_review,
Products,Product2_Feature2,Acoustic underlayment options,,needs_review,
Products,Product2_Feature3,Commercial & residential grades,,needs_review,
Products,Product2_Feature4,Wide plank & tile formats,,needs_review,
Products,Product3_Title,SPC Wall Panels,,needs_review,
Products,Product3_Desc,"Stone plastic composite wall panels — waterproof, moisture-proof, and quick-install. Ideal for residential renovations and commercial wall cladding with a modern, seamless finish.",,needs_review,
Products,Product3_Feature1,100% waterproof & moisture-proof,,needs_review,
Products,Product3_Feature2,Quick-install click system,,needs_review,
Products,Product3_Feature3,UV-coated surface protection,,needs_review,
Products,Product3_Feature4,Suitable for high-humidity areas,,needs_review,
Products,Product4_Title,Interior Refinishing Film,,needs_review,
Products,Product4_Desc,"Self-adhesive refinishing film for easy surface renovation — perfect for updating kitchen cabinets, furniture, walls, and countertops without the mess of traditional renovation.",,needs_review,
Products,Product4_Feature1,Self-adhesive peel-and-stick,,needs_review,
Products,Product4_Feature2,Residue-free removal,,needs_review,
Products,Product4_Feature3,Matte / gloss / textured finishes,,needs_review,
Products,Product4_Feature4,DIY-friendly application,,needs_review,
Products,Product5_Title,Self-Adhesive Foam Wall Panels,,needs_review,
Products,Product5_Desc,"Lightweight 3D texture foam panels with sound absorption and thermal insulation — soft, impact-resistant, and easy to install for accent walls, feature spaces, and commercial interiors.",,needs_review,
Products,Product5_Feature1,Sound & heat insulation,,needs_review,
Products,Product5_Feature2,Soft impact-resistant surface,,needs_review,
Products,Product5_Feature3,3D geometric & organic patterns,,needs_review,
Products,Product5_Feature4,Easy DIY wall installation,,needs_review,
Products,Product6_Title,3D PVC Wall Panels,,needs_review,
Products,Product6_Desc,"Sculptural three-dimensional wall panels for feature walls, lobbies, and hospitality spaces — lightweight, durable, and available in modern geometric designs that create stunning visual impact.",,needs_review,
Products,Product6_Feature1,Sculptural 3D designs,,needs_review,
Products,Product6_Feature2,Lightweight & impact-resistant,,needs_review,
Products,Product6_Feature3,Commercial-grade durability,,needs_review,
Products,Product6_Feature4,Easy wall mounting system,,needs_review,
Products,Product7_Title,Peel & Stick Wallpapers,,needs_review,
Products,Product7_Desc,"DIY-friendly peel-and-stick wallpapers — renter-friendly, removable without residue, and available in hundreds of patterns, from florals to geometrics, for instant room makeovers.",,needs_review,
Products,Product7_Feature1,Removable without residue,,needs_review,
Products,Product7_Feature2,Hundreds of patterns & colors,,needs_review,
Products,Product7_Feature3,DIY peel-and-stick application,,needs_review,
Products,Product7_Feature4,Renter & homeowner friendly,,needs_review,
Products,Thumbnail_Label,Product Main View,,needs_review,
Products,Thumbnail_Sub,Click thumbnail to view different applications,,needs_review,
Products,SceneCaption_1,Kitchen Cabinets – Warm and inviting,,placeholder,
Products,SceneCaption_2,Living Room Feature Wall – Modern elegance,,placeholder,
Products,SceneCaption_3,Commercial Office Space – Professional finish,,placeholder,
Products,SceneCaption_4,Bedroom Headboard – Cozy texture,,placeholder,
Products,SceneCaption_5,Bathroom Vanity – Waterproof durability,,placeholder,
Products,SceneCaption_6,Restaurant Interior – Stylish ambiance,,placeholder,
Products,SceneCaption_7,Retail Display – Eye-catching design,,placeholder,
Products,SceneCaption_8,Hotel Lobby – Luxury feel,,placeholder,
Products,Process_Capsule,How We Work,,needs_review,
Products,Process_Title,Our Partnership Process,,needs_review,
Products,Process_Subtitle,"A streamlined approach from inquiry to delivery — designed to make your sourcing experience seamless and reliable.",,needs_review,
Products,Process1_Title,Consultation,,needs_review,
Products,Process1_Desc,"We understand your project requirements, design preferences, and technical specifications to recommend the right products.",,needs_review,
Products,Process2_Title,Sampling & Customization,,needs_review,
Products,Process2_Desc,"We provide free sample swatches and, if needed, develop custom patterns, colors, and finishes tailored to your brand.",,needs_review,
Products,Process3_Title,Production & Quality Control,,needs_review,
Products,Process3_Desc,"Full-scale manufacturing with three-tier quality inspection — from raw materials to finished goods, ensuring every roll meets international standards.",,needs_review,
Products,Process4_Title,Global Logistics & Support,,needs_review,
Products,Process4_Desc,"Efficient shipping, customs documentation, and responsive after-sales support — delivered to your door with stable lead times.",,needs_review,
Products,FAQ_Capsule,Got Questions?,,needs_review,
Products,FAQ_Title,Frequently Asked Questions,,needs_review,
Products,FAQ_Subtitle,Hover over any question to reveal the answer.,,needs_review,
Products,FAQ1_Q,What is the minimum order quantity (MOQ) for PVC decorative film?,,needs_review,
Products,FAQ1_A,Our standard MOQ is 500 square meters per pattern and color. For first-time cooperation we support small-batch trial orders to help you evaluate our quality.,,needs_review,
Products,FAQ2_Q,Can I get free samples before placing a bulk order?,,needs_review,
Products,FAQ2_A,Yes we provide free samples for quality evaluation. You only need to cover the shipping cost. Sample delivery typically takes 3-7 days via international express.,,needs_review,
Products,FAQ3_Q,What are the available thickness options for PVC decorative film?,,needs_review,
Products,FAQ3_A,Our PVC decorative film thickness ranges from 0.12mm to 0.45mm with customized tolerances ≤ 0.01mm. Specific thickness can be tailored to your application requirements.,,needs_review,
Products,FAQ4_Q,How long is the typical production lead time?,,needs_review,
Products,FAQ4_A,Standard production lead time is 15-20 days after cylinder proofing and sample sign-off. For urgent orders we can accommodate expedited schedules upon request.,,needs_review,
Products,FAQ5_Q,Can you customize patterns and colors for my brand?,,needs_review,
Products,FAQ5_A,"Absolutely. We support custom pattern development, color matching, and private labeling (OEM/ODM). Our team works closely with you to bring your design vision to life.",,needs_review,
Products,FAQ6_Q,What surface finishes are available for your products?,,needs_review,
Products,FAQ6_A,"We offer a variety of surface finishes including matte, gloss, textured wood-grain, high-gloss UV coated, and embossed finishes to meet different aesthetic and functional requirements.",,needs_review,
Products,FAQ7_Q,What certifications do your products hold?,,needs_review,
Products,FAQ7_A,"Our products are RoHS compliant, formaldehyde-free, and low VOC. We also hold ISO 9001 quality management certification, ensuring consistent product quality across all batches.",,needs_review,
Products,FAQ8_Q,What are your shipping and trade terms?,,needs_review,
Products,FAQ8_A,"We operate on FOB China Port terms (Yiwu, Shanghai, Ningbo). We can also accommodate CIF and EXW upon request. We handle all shipping arrangements and customs documentation.",,needs_review,
Products,FAQ9_Q,What is the expected lifespan of LVT flooring?,,needs_review,
Products,FAQ9_A,Our LVT flooring typically lasts 10-15 years under normal use conditions. The wear layer thickness and maintenance practices are key factors influencing longevity.,,needs_review,
Products,FAQ10_Q,Are SPC wall panels suitable for bathrooms and kitchens?,,needs_review,
Products,FAQ10_A,"Yes, SPC wall panels are 100% waterproof and moisture-proof, making them ideal for bathrooms, kitchens, and other high-humidity areas where traditional wall materials may fail.",,needs_review,
Products,CTA_Capsule,Get Started Today,,needs_review,
Products,CTA_Title,Ready to Source with DecoSupplier?,,needs_review,
Products,CTA_Subtitle,Let's discuss your project requirements and discover how我们的 surface solutions can bring your vision to life.,,needs_review,
Products,CTA_Button1,Request a Quote,,needs_review,
Products,CTA_Button2,Explore Our Factory,,needs_review,
=== PRODUCT DETAIL - PVC Decorative Film ===,,,,,
PVC_Film,SEO_Title,"PVC Decorative Film for Furniture & Cabinet Wrapping - Manufacturer | DecoSupplier",,needs_review,
PVC_Film,Breadcrumb,Home > Products > PVC Decorative Film,,confirmed,
PVC_Film,Hero_Title,PVC Decorative Films,,needs_review,
PVC_Film,Hero_Desc,"Manufactured in our factory with in-house printing, coating, embossing, and slitting capability for furniture wrapping, wall decoration, and surface upgrading projects.",,needs_review,
PVC_Film,Trust_Stat1,1000+ / Patterns Available,,needs_review,
PVC_Film,Trust_Stat2,0.12-0.45mm / Custom Thickness,,needs_review,
PVC_Film,Trust_Stat3,RoHS / Certified Compliant,,needs_review,
PVC_Film,Trust_Stat4,15+ Years / Manufacturing Experience,,needs_review,
PVC_Film,FAQ_Title,Frequently Asked Questions,,needs_review,
PVC_Film,FAQ1_Q,What is the MOQ for PVC decorative film?,,needs_review,
PVC_Film,FAQ1_A,Standard MOQ is 500 square meters per pattern/color. Small-batch trial orders are supported for first-time cooperation.,,needs_review,
PVC_Film,FAQ2_Q,Can thickness and width be customized?,,needs_review,
PVC_Film,FAQ2_A,"Yes. Thickness can be customized from 0.12mm to 0.45mm, and width supports custom slitting.",,needs_review,
PVC_Film,FAQ3_Q,What surface treatments are available?,,needs_review,
PVC_Film,FAQ3_A,"Matte, textured wood-grain, high-gloss UV coated, and more.",,needs_review,
PVC_Film,FAQ4_Q,What environmental standards are met?,,needs_review,
PVC_Film,FAQ4_A,"Products are RoHS compliant, low VOCs, formaldehyde-free.",,needs_review,
PVC_Film,CTA_Title,Need Samples or Custom Production?,,needs_review,
PVC_Film,CTA_Desc,"Speak with our production team for samples, custom specifications, and factory-direct quotations.",,needs_review,
PVC_Film,CTA_Button,Request Free Samples,,needs_review,
=== PRODUCT DETAIL - LVT Flooring ===,,,,,
LVT_Flooring,SEO_Title,"LVT Flooring - Luxury Vinyl Tile Manufacturer | DecoSupplier",,needs_review,
LVT_Flooring,Breadcrumb,Home > Products > LVT Flooring,,confirmed,
LVT_Flooring,Hero_Title,LVT Flooring,,needs_review,
LVT_Flooring,Hero_Desc,"Premium luxury vinyl tile flooring for commercial and residential spaces — featuring realistic wood and stone visuals, exceptional durability, acoustic comfort, and easy maintenance.",,needs_review,
LVT_Flooring,Trust_Stat1,1000+ / Patterns Available,,needs_review,
LVT_Flooring,Trust_Stat2,0.12-0.45mm / Custom Thickness,,needs_review,
LVT_Flooring,Trust_Stat3,RoHS / Certified Compliant,,needs_review,
LVT_Flooring,Trust_Stat4,15+ Years / Manufacturing Experience,,needs_review,
LVT_Flooring,FAQ_Title,Frequently Asked Questions,,needs_review,
LVT_Flooring,FAQ1_Q,What is the MOQ for PVC decorative film?,,needs_review,
LVT_Flooring,FAQ1_A,Standard MOQ is 500 square meters per pattern/color. Small-batch trial orders are supported for first-time cooperation.,,needs_review,
LVT_Flooring,FAQ2_Q,Can thickness and width be customized?,,needs_review,
LVT_Flooring,FAQ2_A,"Yes. Thickness can be customized from 0.12mm to 0.45mm, and width supports custom slitting.",,needs_review,
LVT_Flooring,FAQ3_Q,What surface treatments are available?,,needs_review,
LVT_Flooring,FAQ3_A,"Matte, textured wood-grain, high-gloss UV coated, and more.",,needs_review,
LVT_Flooring,FAQ4_Q,What environmental standards are met?,,needs_review,
LVT_Flooring,FAQ4_A,"Products are RoHS compliant, low VOCs, formaldehyde-free.",,needs_review,
LVT_Flooring,CTA_Title,Need Samples or Custom Production?,,needs_review,
LVT_Flooring,CTA_Desc,"Speak with our production team for samples, custom specifications, and factory-direct quotations.",,needs_review,
LVT_Flooring,CTA_Button,Request Free Samples,,needs_review,
=== PRODUCT DETAIL - Interior Self-Adhesive Film ===,,,,,
InteriorFilm,SEO_Title,"PVC Decorative Film for Furniture & Cabinet Wrapping - Manufacturer | DecoSupplier",,needs_review,
InteriorFilm,Breadcrumb,Home > Products > PVC Decorative Film,,needs_review,⚠Same as PVC Film page - needs unique content
InteriorFilm,Hero_Title,PVC Decorative Films,,needs_review,⚠Same as PVC Film page - needs unique content
InteriorFilm,Hero_Desc,"Manufactured in our factory with in-house printing, coating, embossing, and slitting capability for furniture wrapping, wall decoration, and surface upgrading projects.",,needs_review,
InteriorFilm,Trust_Stat1,1000+ / Patterns Available,,needs_review,
InteriorFilm,Trust_Stat2,0.12-0.45mm / Custom Thickness,,needs_review,
InteriorFilm,Trust_Stat3,RoHS / Certified Compliant,,needs_review,
InteriorFilm,Trust_Stat4,15+ Years / Manufacturing Experience,,needs_review,
InteriorFilm,FAQ_Title,Frequently Asked Questions,,needs_review,
InteriorFilm,FAQ1_Q,What is the MOQ for PVC decorative film?,,needs_review,
InteriorFilm,FAQ1_A,Standard MOQ is 500 square meters per pattern/color. Small-batch trial orders are supported for first-time cooperation.,,needs_review,
InteriorFilm,FAQ2_Q,Can thickness and width be customized?,,needs_review,
InteriorFilm,FAQ2_A,"Yes. Thickness can be customized from 0.12mm to 0.45mm, and width supports custom slitting.",,needs_review,
InteriorFilm,FAQ3_Q,What surface treatments are available?,,needs_review,
InteriorFilm,FAQ3_A,"Matte, textured wood-grain, high-gloss UV coated, and more.",,needs_review,
InteriorFilm,FAQ4_Q,What environmental standards are met?,,needs_review,
InteriorFilm,FAQ4_A,"Products are RoHS compliant, low VOCs, formaldehyde-free.",,needs_review,
InteriorFilm,CTA_Title,Need Samples or Custom Production?,,needs_review,
InteriorFilm,CTA_Desc,"Speak with our production team for samples, custom specifications, and factory-direct quotations.",,needs_review,
InteriorFilm,CTA_Button,Request Free Samples,,needs_review,
=== BLOG LIST PAGE (Blog.astro) ===,,,,,
Blog,SEO_Title,"DecoSupplier Blog — Factory Updates, Technical Guides & Industry Trends",,needs_review,
Blog,Hero_Title,Factory Updates & Technical Guides,,needs_review,
Blog,Hero_Desc,"Frontline factory updates, technical guides, and industry trend analysis from DecoSupplier — providing deep content reference for global buyers.",,needs_review,
Blog,Cat_All,All,,confirmed,
Blog,Cat_ProductGuides,Product Guides,,confirmed,
Blog,Cat_IndustryTrends,Industry Trends,,confirmed,
Blog,Cat_CustomerSolutions,Customer Solutions,,confirmed,
Blog,Cat_FactoryUpdates,Factory Updates,,confirmed,
Blog,Featured_Label,Featured,,confirmed,
Blog,ReadMore_Overlay,Read More,,confirmed,
Blog,Sidebar_Categories,Categories,,confirmed,
Blog,Sidebar_Popular,Popular Articles,,confirmed,
Blog,Sidebar_StayConnected,Stay Connected,,confirmed,
Blog,Sidebar_StayDesc,"Have questions about our products or need expert advice? Reach out to our team today.",,needs_review,
Blog,Sidebar_CTA,Contact Our Team,,needs_review,
Blog,CTA_Title,Want to Learn More?,,needs_review,
Blog,CTA_Desc,Browse our product range or contact our sales team for expert advice.,,needs_review,
Blog,CTA_Button1,View Products,,needs_review,
Blog,CTA_Button2,Contact Us,,needs_review,
Blog,NoArticles,No articles found / Try selecting a different category,,needs_review,
Blog,Pagination_Previous,Previous,,needs_review,
Blog,Pagination_Next,Next,,needs_review,
=== BLOG POSTS (20 articles) ===,,,,,
BlogPost1,Title,"2026 Architectural Material Trends: Colors, Textures & Finishes",,needs_review,
BlogPost1,Excerpt,"In 2026, the architectural materials industry is transitioning from cold minimalism to warm, natural aesthetics. This comprehensive guide explores the key color palettes, texture innovations, and finish directions that will define interior and exterior design this year.",,needs_review,
BlogPost2,Title,How to Install SPC Wall Panels: Time & Labor Saving Solutions for Contractors,,needs_review,
BlogPost2,Excerpt,"For contractors and installation teams, time is money. This step-by-step guide covers everything you need to know about SPC wall panel installation — from preparation to finishing — with practical tips to cut labor costs by up to 50%.",,needs_review,
BlogPost3,Title,Sourcing Decorative Films from China: A Complete Guide to Quality Control & Supply Chain Management,,needs_review,
BlogPost3,Excerpt,"China is the world's largest producer and exporter of PVC decorative films. This complete guide walks you through supplier selection, quality inspection protocols, logistics planning, and risk management strategies for successful cross-border sourcing.",,needs_review,
BlogPost4,Title,LVT vs. SPC Flooring: Performance Comparison & Selection Guide for Commercial Projects,,needs_review,
BlogPost4,Excerpt,"When selecting flooring for commercial and residential spaces, LVT and SPC are two of the most popular choices. This in-depth comparison covers durability, waterproofing, installation, cost, and application scenarios to help you make the right decision.",,needs_review,
BlogPost5,Title,New Wide-Width Calendering Line Launched: PVC Film Capacity Significantly Expanded,,needs_review,
BlogPost5,Excerpt,"DecoSupplier has recently commissioned a new wide-width calendering production line, increasing our PVC decorative film production capacity by 40%. This expansion enables faster lead times and supports larger bulk orders for global clients.",,needs_review,
BlogPost6,Title,Sustainable Manufacturing Practices in PVC Decorative Film Production,,needs_review,
BlogPost6,Excerpt,"As environmental regulations tighten globally, DecoSupplier has implemented a series of sustainable manufacturing practices, including closed-loop water recycling, energy-efficient drying systems, and waste reduction initiatives that have cut our carbon footprint by 25%.",,needs_review,
BlogPost7,Title,Choosing the Right PVC Film Thickness for Your Application,,needs_review,
BlogPost7,Excerpt,"PVC decorative films come in a range of thicknesses from 0.12mm to 0.45mm. This guide breaks down the optimal thickness for different applications — from lightweight wall panels to heavy-duty furniture wrapping and high-traffic flooring.",,needs_review,
BlogPost8,Title,Understanding SPC Core Composition: What Makes Stone Plastic Composite Different,,needs_review,
BlogPost8,Excerpt,"SPC (Stone Plastic Composite) wall panels and flooring are defined by their rigid limestone-PVC core. This article explains the science behind SPC composition, its dimensional stability advantages, and why it outperforms traditional materials in moisture-prone environments.",,needs_review,
BlogPost9,Title,5 Common Mistakes to Avoid When Importing Decorative Films from China,,needs_review,
BlogPost9,Excerpt,"Avoid costly pitfalls in your sourcing journey. This article covers the top 5 mistakes importers make when buying PVC decorative films from China — from quality specification gaps to customs documentation errors — and how to avoid them.",,needs_review,
BlogPost10,Title,LVT Flooring Maintenance Guide: Keeping Your Floors Like New,,needs_review,
BlogPost10,Excerpt,"LVT flooring is durable and easy to maintain when you know the right methods. This comprehensive maintenance guide covers cleaning techniques, scratch prevention, and long-term care strategies to preserve the beauty of your resilient flooring investment.",,needs_review,
BlogPost11,Title,The Rise of Minimalist Design: How Surface Materials Are Shaping Modern Architecture,,needs_review,
BlogPost11,Excerpt,"Minimalist design continues to dominate architectural trends in 2026. This article explores how decorative surface materials — from wood-grain films to microcement textures — are being used to create clean, modern spaces that resonate with contemporary sensibilities.",,needs_review,
BlogPost12,Title,Quality Control in PVC Film Production: From Raw Resin to Finished Roll,,needs_review,
BlogPost12,Excerpt,"DecoSupplier's three-tier quality control system ensures every roll meets international standards. This deep dive explains our inspection processes — from raw material testing to in-line monitoring to pre-shipment verification — and how they deliver consistent quality.",,needs_review,
BlogPost13,Title,PVC Decorative Film vs. Veneer: Which One Should You Choose?,,needs_review,
BlogPost13,Excerpt,"When it comes to surface finishing, both PVC decorative film and natural veneer have their advantages. This article compares cost, durability, installation, and environmental impact to help you make an informed decision for your project.",,needs_review,
BlogPost14,Title,Understanding LVT Wear Layers: What Does T级 Rating Really Mean?,,needs_review,
BlogPost14,Excerpt,"LVT flooring wear layers are rated from F to T, with T级 being the highest commercial grade. This technical breakdown explains what each rating means, how wear layer thickness affects durability, and which grade is right for your application.",,needs_review,
BlogPost15,Title,How to Choose the Right Finish: Matte vs. Gloss vs. Textured PVC Films,,needs_review,
BlogPost15,Excerpt,"The finish of a PVC decorative film dramatically affects its appearance, durability, and maintenance requirements. This guide compares matte, gloss, and textured finishes to help you select the perfect surface for your furniture or wall application.",,needs_review,
BlogPost16,Title,The Complete Guide to PVC Film Slitting: From Jumbo Rolls to Custom Widths,,needs_review,
BlogPost16,Excerpt,"Understanding the slitting process is essential for buyers who need custom widths. This article explains how jumbo rolls are converted into finished goods, what tolerances to expect, and how to communicate your width requirements effectively.",,needs_review,
BlogPost17,Title,SPC Wall Panels vs. Traditional Tiles: A Cost-Benefit Analysis,,needs_review,
BlogPost17,Excerpt,"When renovating commercial or residential spaces, the choice between SPC wall panels and traditional tiles has significant cost and time implications. This analysis breaks down material costs, installation labor, and long-term maintenance expenses.",,needs_review,
BlogPost18,Title,A Brief History of PVC Decorative Films: From Industrial to Interior Design,,needs_review,
BlogPost18,Excerpt,"PVC decorative films have evolved from purely functional industrial applications to sophisticated interior design materials. This historical overview traces the development of printing technology, surface finishes, and the growing demand for design-led films.",,needs_review,
BlogPost19,Title,DecoSupplier Factory Tour: Behind the Scenes of PVC Film Production,,needs_review,
BlogPost19,Excerpt,"Take a virtual tour through DecoSupplier's manufacturing facility. From raw material storage to high-speed printing, embossing, and final quality inspection — see how we ensure every roll meets the highest standards.",,needs_review,
BlogPost20,Title,Understanding FOB China: A Complete Guide for International Buyers,,needs_review,
BlogPost20,Excerpt,"FOB (Free On Board) is the most common trade term for importing from China. This comprehensive guide explains what FOB covers, who is responsible for what, and how to calculate total landed costs for your PVC decorative film orders.",,needs_review,
=== BLOG DETAIL (Blog_detail.astro) ===,,,,,
BlogDetail,Breadcrumb,Home > Blog > {post.title},,confirmed,
BlogDetail,FeaturedBadge,Featured Article,,confirmed,
BlogDetail,Labels_For,For,,needs_review,
BlogDetail,Labels_Stage,Stage,,needs_review,
BlogDetail,Labels_Keywords,Keywords,,needs_review,
BlogDetail,FAQ_Title,Frequently Asked Questions,,needs_review,
BlogDetail,Related_Title,Related Articles,,needs_review,
BlogDetail,Related_ReadMore,Read More →,,needs_review,
BlogDetail,Share_Title,Share,,needs_review,
BlogDetail,TOC_Title,Table of Contents,,needs_review,
BlogDetail,TOC_Loading,Loading...,,needs_review,
BlogDetail,TOC_NoSections,No sections found,,needs_review,
BlogDetail,CTA_Title,Want to Learn More?,,needs_review,
BlogDetail,CTA_Desc,Browse our product range or contact our sales team for expert advice.,,needs_review,
BlogDetail,CTA_Button1,View Products,,needs_review,
BlogDetail,CTA_Button2,Contact Us,,needs_review,
=== RFQ FORM (RFQForm.tsx) ===,,,,,
RFQForm,Section_Title,Products Requirements,,needs_review,
RFQForm,Required,(*),,confirmed,
RFQForm,Product_PVC,PVC Decorative Film,,confirmed,
RFQForm,Product_LVT,LVT Flooring,,confirmed,
RFQForm,Product_SPC,SPC Wall Panels,,confirmed,
RFQForm,Product_Refinishing,Interior Refinishing Film,,confirmed,
RFQForm,Product_Foam,Self-Adhesive Foam Wall Panels,,confirmed,
RFQForm,Product_Wallpapers,Peel & Stick Wallpapers,,confirmed,
RFQForm,Product_3D,3D PVC Wall Panels,,confirmed,
RFQForm,Help_Select,Select at least one product,,needs_review,
RFQForm,Label_Name,Name,,needs_review,
RFQForm,Placeholder_Name,Your name,,needs_review,
RFQForm,Label_Email,Email,,needs_review,
RFQForm,Placeholder_Email,email@company.com,,needs_review,
RFQForm,Label_Phone,Phone Number,,needs_review,
RFQForm,Placeholder_Phone,"+1234 567 8900",,needs_review,
RFQForm,Label_Country,Country,,needs_review,
RFQForm,Placeholder_Country,Please select your country,,needs_review,
RFQForm,Label_Company,Company,,needs_review,
RFQForm,Placeholder_Company,Your company name,,needs_review,
RFQForm,Label_Quantity,Estimated Quantity,,needs_review,
RFQForm,Placeholder_Quantity,"e.g. 500 sqm, 1000 rolls",,needs_review,
RFQForm,Label_Message,Message,,needs_review,
RFQForm,Placeholder_Message,"Please describe your project requirements: target application (wall floor, furniture), preferred colors/textures, pattern references, desired thickness, MOQ needs, or any custom specifications...",,needs_review,
RFQForm,Button_Send,Send Inquiry to Factory,,needs_review,
RFQForm,Button_Sending,Sending...,,needs_review,
RFQForm,Success_Title,Inquiry Sent Successfully!,,needs_review,
RFQForm,Success_Desc,We will respond within 24 hours.,,needs_review,
RFQForm,Error_Default,Failed to send. Please try again.,,needs_review,
RFQForm,Error_Network,Network error. Please check your connection and try again.,,needs_review,
RFQForm,Footer_Text,"We respond to all inquiries within 24 hours. Your information is protected by our Privacy Policy.",,needs_review,
=== FLOATING CTA (FloatingCTA.tsx) ===,,,,,
FloatingCTA,Label_FreeSamples,Free Samples,,needs_review,
FloatingCTA,Label_WhatsApp,WhatsApp,,needs_review,
FloatingCTA,Label_LiveChat,Live Chat,,needs_review,
FloatingCTA,Label_LinkedIn,LinkedIn,,needs_review,
FloatingCTA,ContactCard_Title,Contact Us,,needs_review,
FloatingCTA,ContactCard_Subtitle,Click any info to copy,,needs_review,
FloatingCTA,WeChat_Label,WeChat,,needs_review,
FloatingCTA,Phone_Label,Phone,,needs_review,
FloatingCTA,Email_Label,Email,,needs_review,
FloatingCTA,CopyHint,Click to copy,,needs_review,
FloatingCTA,CopiedConfirm,✅ Copied!,,needs_review,
FloatingCTA,QR_Placeholder,Scan with WeChat,,needs_review,
FloatingCTA,WhatsApp_Message,"Hi DecoSupplier, I'm interested in your products",,needs_review,
=== FEATURE SHOWCASE (FeatureShowcase.tsx) ===,,,,,
FeatureShowcase,Product1_Title,PVC Decorative Film,,confirmed,
FeatureShowcase,Product1_Desc,"High-performance surface wrapping and vacuum pressing films for furniture, kitchen cabinets, and interior doors — available in wood grain, marble, and solid color finishes with superior scratch and stain resistance.",,needs_review,
FeatureShowcase,Product2_Title,LVT Flooring,,confirmed,
FeatureShowcase,Product2_Desc,"Premium luxury vinyl tile flooring — waterproof, scratch-resistant, with realistic wood and stone visuals for commercial and residential spaces.",,needs_review,
FeatureShowcase,Product3_Title,SPC Wall Panels,,confirmed,
FeatureShowcase,Product3_Desc,"Stone plastic composite panels — 100% waterproof, moisture-proof, and quick-install with UV-coated surface protection for lasting beauty.",,needs_review,
FeatureShowcase,Product4_Title,Interior Refinishing Film,,confirmed,
FeatureShowcase,Product4_Desc,"Self-adhesive film for easy surface renovation — ideal for updating kitchen cabinets, furniture, and walls without the mess of traditional renovation.",,needs_review,
FeatureShowcase,Product5_Title,Self-Adhesive Foam Wall Panels,,confirmed,
FeatureShowcase,Product5_Desc,"Lightweight 3D texture foam panels with sound absorption and thermal insulation — soft, impact-resistant, and easy to install.",,needs_review,
FeatureShowcase,Product6_Title,3D PVC Wall Panel,,needs_review,
FeatureShowcase,Product6_Desc,"Sculptural three-dimensional wall panels for feature walls, lobbies, and hospitality spaces — lightweight, durable, and available in modern geometric designs that create stunning visual impact.",,needs_review,
FeatureShowcase,Product7_Title,Other Decorative Film Products,,needs_review,
FeatureShowcase,Product7_Desc,"Explore our complete range of decorative surface solutions — including custom patterns, specialty finishes, and tailored OEM/ODM options to meet your unique project requirements.",,needs_review,
=== ANIMATED STATS (AnimatedStats.tsx) ===,,,,,
AnimatedStats,Stat1,15+ / Years of Manufacturing Excellence,,needs_review,
AnimatedStats,Stat2,3 / In-house Manufacturing Facilities,,needs_review,
AnimatedStats,Stat3,1000+ / In-Stock Print Cylinders,,needs_review,
AnimatedStats,Stat4,50+ / Countries Exported To,,needs_review,
=== MOBILE MENU (MobileMenu.tsx) ===,,,,,
MobileMenu,CTA,Request Quote,,needs_review,
MobileMenu,Dialog_Title,Navigation Menu,,confirmed,Screen reader only
MobileMenu,Dialog_Desc,Main navigation menu,,confirmed,Screen reader only
=== HOME PAGE - Features.astro (secondary) ===,,,,,
HomeFeatures,Capsule,Manufacturing Capabilities,,needs_review,
HomeFeatures,Title,"Our Core <gradient>Capabilities</gradient>",,needs_review,
HomeFeatures,Subtitle,"Comprehensive logistics and manufacturing solutions designed to optimize your operations and drive growth.",,needs_review,
HomeFeatures,F1_Title,Material Storage & Handling,,needs_review,
HomeFeatures,F1_Desc,"Organized storage, packing support, and controlled handling to keep production materials and finished goods in order.",,needs_review,
HomeFeatures,F2_Title,Precision Manufacturing,,needs_review,
HomeFeatures,F2_Desc,"Production processes designed for consistent quality, stable output, and reliable finishing across decorative surface products.",,needs_review,
HomeFeatures,F3_Title,Delivery Coordination,,needs_review,
HomeFeatures,F3_Desc,"Production scheduling and shipment support are coordinated to meet delivery needs for global buyers.",,needs_review,
HomeFeatures,F4_Title,Production Tracking,,needs_review,
HomeFeatures,F4_Desc,"Clear production progress and QC reporting help customers stay informed throughout the manufacturing cycle.",,needs_review,
HomeFeatures,F5_Title,Custom Manufacturing Support,,needs_review,
HomeFeatures,F5_Desc,"Tailored production support for custom patterns, specifications, and product development needs.",,needs_review,
HomeFeatures,F6_Title,Factory Support,,needs_review,
HomeFeatures,F6_Desc,"Direct communication with our production and sales team helps customers get practical support from sample to shipment.",,needs_review,
=== HOME PAGE - Hero (secondary) ===,,,,,
HomeHero2,Capsule,🚀 Industry-Leading Solutions,,needs_review,
HomeHero2,Title_Line1,Transform Your,,needs_review,
HomeHero2,Title_Line2,Supply Chain Excellence,,needs_review,
HomeHero2,Subtitle,"Streamline operations with our integrated logistics and manufacturing solutions. From warehousing to delivery, we power your success with cutting-edge technology and expertise.",,needs_review,
HomeHero2,Button_Primary,Request a Quote,,needs_review,
HomeHero2,Button_Secondary,Explore Capabilities,,needs_review,
HomeHero2,Stat_1,500+ / Global Clients,,needs_review,
HomeHero2,Stat_2,50M+ / Units Shipped,,needs_review,
HomeHero2,Stat_3,99.9% / On-Time Delivery,,needs_review,
HomeHero2,Icon_Warehousing,Warehousing,,needs_review,
HomeHero2,Icon_Delivery,Fast Delivery,,needs_review,
HomeHero2,Icon_Quality,Quality Assured,,needs_review,
HomeHero2,Icon_Global,Global Reach,,needs_review,
=== HOME PAGE - ImageGrid ===,,,,,
HomeImageGrid,Capsule,Manufacturing Facilities,,needs_review,
HomeImageGrid,Title,"Production <gradient>Infrastructure</gradient>",,needs_review,
HomeImageGrid,Subtitle,"Our production facilities are organized for printing, coating, finishing, and packaging support across a wide range of decorative surface products.",,needs_review,
HomeImageGrid,Img1_Title,Material Handling & Packing,,needs_review,
HomeImageGrid,Img1_Desc,"Organized storage, packing support, and efficient handling for production flow",,needs_review,
HomeImageGrid,Img2_Title,Logistics Coordination,,needs_review,
HomeImageGrid,Img2_Desc,"Shipment preparation and delivery coordination for global orders",,needs_review,
HomeImageGrid,Img3_Title,Production Lines,,needs_review,
HomeImageGrid,Img3_Desc,"Printing, coating, and finishing capability for consistent output",,needs_review,
HomeImageGrid,Img4_Title,Production Oversight,,needs_review,
HomeImageGrid,Img4_Desc,"Process monitoring and quality control across the manufacturing workflow",,needs_review,
HomeImageGrid,Img5_Title,Export Preparation,,needs_review,
HomeImageGrid,Img5_Desc,"Packing and dispatch support for international shipments",,needs_review,
HomeImageGrid,CTA,Visit Our Production Base,,needs_review,
HomeImageGrid,Img1_Alt,"Automated warehouse with modern robotics",,needs_review,
HomeImageGrid,Img2_Alt,"Fleet of modern delivery trucks",,needs_review,
HomeImageGrid,Img3_Alt,"Manufacturing floor with precision equipment",,needs_review,
HomeImageGrid,Img4_Alt,"Control center with real-time monitoring",,needs_review,
HomeImageGrid,Img5_Alt,"Distribution center with sorting systems",,needs_review,
=== HOME PAGE - CTA (secondary) ===,,,,,
HomeCTA2,Title,Ready to Start Your Production Project?,,needs_review,
HomeCTA2,Subtitle,"Talk with our factory team about product specifications, sample development, and manufacturing support for your next project.",,needs_review,
HomeCTA2,Button_Primary,Request Factory Information,,needs_review,
HomeCTA2,Button_Secondary,Visit Our Production Base,,needs_review,
HomeCTA2,Stat_1,25+ / Years Experience,,needs_review,
HomeCTA2,Stat_2,15 / Global Facilities,,needs_review,
HomeCTA2,Stat_3,ISO 9001 / Certified,,needs_review,
HomeCTA2,Stat_4,24/7 / Factory Support,,needs_review,
=== HOME PAGE - TechnologyInnovation ===,,,,,
HomeTech,Capsule,Technology & Innovation,,needs_review,
HomeTech,Title,"Powered by <gradient>Cutting-Edge Tech</gradient>",,needs_review,
HomeTech,Subtitle,"Our technology stack combines AI, IoT, and advanced analytics to deliver intelligent logistics solutions that adapt and optimize in real-time.",,needs_review,
HomeTech,T1_Title,AI-Powered Optimization,,needs_review,
HomeTech,T1_Desc,"Machine learning algorithms continuously analyze data to optimize routes, predict demand, and reduce operational costs.",,needs_review,
HomeTech,T2_Title,Real-Time Visibility,,needs_review,
HomeTech,T2_Desc,"Track every shipment, monitor warehouse operations, and access live analytics through our comprehensive dashboard platform.",,needs_review,
HomeTech,T3_Title,IoT Integration,,needs_review,
HomeTech,T3_Desc,"Smart sensors and connected devices provide real-time monitoring of temperature, humidity, location, and condition tracking.",,needs_review,
HomeTech,T4_Title,Enterprise Security,,needs_review,
HomeTech,T4_Desc,"Bank-level encryption, multi-factor authentication, and compliance with industry standards ensure your data stays secure.",,needs_review,
HomeTech,CTA,Explore Our Technology,,needs_review,
HomeTech,Visual_Title,Smart Logistics Platform,,needs_review,
HomeTech,Visual_Desc,Real-time analytics dashboard,,needs_review,
HomeTech,Floating_1,99.9% Uptime,,needs_review,
HomeTech,Floating_2,Real-time Sync,,needs_review,
HomeTech,Image_Alt,"Advanced logistics technology dashboard",,needs_review,
=== HOME PAGE - Testimonials ===,,,,,
HomeTestimonials,Capsule,Client Success Stories,,needs_review,
HomeTestimonials,Title,"Trusted by <gradient>Industry Leaders</gradient>",,needs_review,
HomeTestimonials,Subtitle,"See how we've helped companies transform their supply chain operations and achieve remarkable results.",,needs_review,
HomeTestimonials,T1_Quote,"AstroFlow transformed our entire supply chain. Their automated warehousing solution reduced our fulfillment time by 40% and cut operational costs significantly. The real-time visibility they provide is game-changing.",,needs_review,⚠ Placeholder - needs real testimonial
HomeTestimonials,T1_Name,Sarah Mitchell,,needs_review,⚠ Placeholder
HomeTestimonials,T1_Role,VP of Operations / TechCorp,,needs_review,⚠ Placeholder
HomeTestimonials,T2_Quote,"The manufacturing capabilities at AstroFlow are exceptional. They've helped us scale production while maintaining the highest quality standards. Their ISO-certified processes give us complete confidence.",,needs_review,⚠ Placeholder
HomeTestimonials,T2_Name,Robert Johnson,,needs_review,⚠ Placeholder
HomeTestimonials,T2_Role,CEO / Global Manufacturing Inc.,,needs_review,⚠ Placeholder
HomeTestimonials,T3_Quote,"Outstanding logistics partner. Their fleet management and route optimization have improved our delivery times and reduced fuel costs. The command center gives us complete visibility into every shipment.",,needs_review,⚠ Placeholder
HomeTestimonials,T3_Name,Emily Williams,,needs_review,⚠ Placeholder
HomeTestimonials,T3_Role,Supply Chain Director / RetailMax,,needs_review,⚠ Placeholder
=== PRODUCT NAVIGATION (ProductNavigation.tsx) ===,,,,,
ProductNav,Label,Products,,confirmed,Sidebar floating nav label
=== PRODUCT TABS (ProductTabs.tsx) ===,,,,,
ProductTabs,Tab_Specs,Specifications,,confirmed,
ProductTabs,Tab_Performance,Performance,,confirmed,
ProductTabs,Tab_Features,Features,,confirmed,
ProductTabs,Tab_Docs,Documentation,,confirmed,
=== PRODUCT GRID (ProductGrid.tsx) ===,,,,,
ProductGrid,View_Room,Room View,,confirmed,
ProductGrid,View_Grid,Grid View,,confirmed,
ProductGrid,Count_Label,{count} patterns,,confirmed,
ProductGrid,Filters,Filters,,confirmed,
ProductGrid,Filter_PatternType,Pattern Type,,confirmed,
ProductGrid,Filter_ColorFamily,Color Family,,confirmed,
ProductGrid,Filter_ClearAll,Clear All,,confirmed,
ProductGrid,Sort_NewArrivals,New Arrivals,,confirmed,
ProductGrid,Sort_BestMatches,Best Matches,,confirmed,
ProductGrid,Sort_NameAZ,Product name (A-Z),,confirmed,
ProductGrid,Sort_NameZA,Product name (Z-A),,confirmed,
ProductGrid,Empty_Title,No patterns found,,confirmed,
ProductGrid,Empty_Desc,Try adjusting your filters,,confirmed,
ProductGrid,QuickView,Quick View,,confirmed,
=== FACILITY STATS (FacilityStats.tsx) ===,,,,,
FacilityStats,Stat1_Value,2.25M+,,needs_review,
FacilityStats,Stat1_Label,Total Square Footage,,needs_review,
FacilityStats,Stat2_Value,200+,,needs_review,
FacilityStats,Stat2_Label,Delivery Vehicles,,needs_review,
FacilityStats,Stat3_Value,"1,000+",,needs_review,
FacilityStats,Stat3_Label,Trained Staff,,needs_review,
FacilityStats,Stat4_Value,Global,,needs_review,
FacilityStats,Stat4_Label,Geographic Reach,,needs_review,
=== PRODUCT LIST - PVC Wall Panel (pvc_wall_panel.astro) ===,,,,,
PVC_WallPanel,SEO_Title,"PVC Decorative Film for Furniture & Cabinet Wrapping - Manufacturer | DecoSupplier",,needs_review,⚠ Same as PVC Film - needs unique content
PVC_WallPanel,Breadcrumb,Home > Products > PVC Decorative Film,,needs_review,⚠ Same as PVC Film
PVC_WallPanel,Hero_Title,PVC Decorative <gradient>Films</gradient>,,needs_review,⚠ Same as PVC Film
PVC_WallPanel,Hero_Desc,"Manufactured in our factory with in-house printing, coating, embossing, and slitting capability for furniture wrapping, wall decoration, and surface upgrading projects.",,needs_review,⚠ Same as PVC Film
PVC_WallPanel,Trust_Stat1,1000+ / Patterns Available,,needs_review,
PVC_WallPanel,Trust_Stat2,0.12-0.45mm / Custom Thickness,,needs_review,
PVC_WallPanel,Trust_Stat3,RoHS / Certified Compliant,,needs_review,
PVC_WallPanel,Trust_Stat4,15+ Years / Manufacturing Experience,,needs_review,
PVC_WallPanel,FAQ_Title,Frequently Asked Questions,,needs_review,
PVC_WallPanel,FAQ1_Q,What is the MOQ for PVC decorative film?,,needs_review,
PVC_WallPanel,FAQ1_A,Standard MOQ is 500 square meters per pattern/color. Small-batch trial orders are supported for first-time cooperation.,,needs_review,
PVC_WallPanel,FAQ2_Q,Can thickness and width be customized?,,needs_review,
PVC_WallPanel,FAQ2_A,"Yes. Thickness can be customized from 0.12mm to 0.45mm, and width supports custom slitting.",,needs_review,
PVC_WallPanel,FAQ3_Q,What surface treatments are available?,,needs_review,
PVC_WallPanel,FAQ3_A,"Matte, textured wood-grain, high-gloss UV coated, and more.",,needs_review,
PVC_WallPanel,FAQ4_Q,What environmental standards are met?,,needs_review,
PVC_WallPanel,FAQ4_A,"Products are RoHS compliant, low VOCs, formaldehyde-free.",,needs_review,
PVC_WallPanel,CTA_Title,Need Samples or Custom Production?,,needs_review,
PVC_WallPanel,CTA_Desc,"Speak with our production team for samples, custom specifications, and factory-direct quotations.",,needs_review,
PVC_WallPanel,CTA_Button,Request Free Samples,,needs_review,
=== PRODUCT DETAIL - PVC Wall Panel (Product_detail.astro) ===,,,,,
PVC_WallPanel_Detail,SEO_Title,"Stone light Series - LVT Flooring | DecoSupplier",,needs_review,⚠ Template uses LVT data - needs PVC Wall Panel content
PVC_WallPanel_Detail,SeriesName,Stone light,,needs_review,⚠ Placeholder name
PVC_WallPanel_Detail,SeriesDesc,"blends the timeless elegance of natural stone with the modern convenience of self-adhesive LVT. Designed for commercial durability. Made for effortless installation. Built to resist moisture, fire, and daily wear.",,needs_review,
PVC_WallPanel_Detail,StickyNav_Details,Product Details,,needs_review,
PVC_WallPanel_Detail,StickyNav_Sourcing,Sourcing,,needs_review,
PVC_WallPanel_Detail,StickyNav_FAQ,FAQ,,needs_review,
PVC_WallPanel_Detail,StickyNav_Related,Related,,needs_review,
PVC_WallPanel_Detail,Section_Details,Product Details,,needs_review,
PVC_WallPanel_Detail,Section_Specs,Specifications,,needs_review,
PVC_WallPanel_Detail,Section_Performance,Performance,,needs_review,
PVC_WallPanel_Detail,Section_Features,Features,,needs_review,
PVC_WallPanel_Detail,Section_Documentation,Documentation,,needs_review,
PVC_WallPanel_Detail,Section_Sourcing,Sourcing Information,,needs_review,
PVC_WallPanel_Detail,Section_FAQ,Frequently Asked Questions,,needs_review,
PVC_WallPanel_Detail,Section_Related,You May Also Like,,needs_review,
PVC_WallPanel_Detail,MOQ_Label,MOQ,,needs_review,
PVC_WallPanel_Detail,LeadTime_Label,Lead Time,,needs_review,
PVC_WallPanel_Detail,TradeTerms_Label,Trade Terms,,needs_review,
PVC_WallPanel_Detail,SKU_Label,SKU,,needs_review,
PVC_WallPanel_Detail,Colour_Label,Colour,,needs_review,
PVC_WallPanel_Detail,PatternType_Label,Pattern Type,,needs_review,
PVC_WallPanel_Detail,Size_Label,Size,,needs_review,
PVC_WallPanel_Detail,Thickness_Label,Thickness,,needs_review,
PVC_WallPanel_Detail,ProductCode_Label,Product Code,,needs_review,
PVC_WallPanel_Detail,CTA_SendInquiry,Send Inquiry,,needs_review,
PVC_WallPanel_Detail,CTA_GetFreeSamples,Get Free Samples,,needs_review,
PVC_WallPanel_Detail,CTA_Footer,We respond to all inquiries within 24 hours.,,needs_review,
PVC_WallPanel_Detail,QuickView,Quick View,,needs_review,
PVC_WallPanel_Detail,Thumbnail_Main,Main,,needs_review,
PVC_WallPanel_Detail,Thumbnail_View,View,,needs_review,
PVC_WallPanel_Detail,MOQ_Full,500 Square Meters per pattern/color (Sample order support available),,needs_review,
PVC_WallPanel_Detail,LeadTime_Full,"15–20 days after cylinder proofing and sample sign-off",,needs_review,
PVC_WallPanel_Detail,TradeTerms_Full,FOB China Port (Yiwu / Shanghai / Ningbo),,needs_review,
=== BLOG DETAIL (Blog_detail.astro) ===,,,,,
BlogDetail,Title,"2026 Architectural Material Trends: Colors, Textures & Finishes",,needs_review,
BlogDetail,SEO_Title,"2026 Architectural Material Trends — Colors, Textures & Finishes | DecoSupplier",,needs_review,
BlogDetail,FeaturedBadge,Featured Article,,confirmed,
BlogDetail,Author_Name,David Chen,,needs_review,
BlogDetail,Author_Title,Head of Product Development,,needs_review,
BlogDetail,Author_Bio,"David has over 12 years of experience in the PVC decorative film industry, specializing in product development and surface finishing technologies. He leads DecoSupplier's R&D team and holds multiple patents in decorative surface engineering.",,needs_review,
BlogDetail,Category,Industry Trends,,needs_review,
BlogDetail,PublishedAt,2026-07-17,,needs_review,
BlogDetail,Content_Lead,"In 2026, the architectural materials industry is undergoing a profound shift — from cold minimalism to warm, natural aesthetics. This comprehensive guide explores the key trends that will define interior and exterior design this year.",,needs_review,
BlogDetail,H2_1,1. Three Major Structural Changes in the Global Architectural Materials Market,,needs_review,
BlogDetail,H2_2,2. Color Trends: The Return of Warm Neutrals,,needs_review,
BlogDetail,H2_3,3. Texture Trends: Natural Finishes Replace Smooth Surfaces,,needs_review,
BlogDetail,H2_4,4. Material Trends: From Decorative to Decorative+Functional,,needs_review,
BlogDetail,H2_5,5. Summary: Five Key Questions for 2026 Procurement Decisions,,needs_review,
BlogDetail,DecisionTags_For,For,,needs_review,
BlogDetail,DecisionTags_Stage,Stage,,needs_review,
BlogDetail,DecisionTags_Keywords,Keywords,,needs_review,
BlogDetail,DecisionTags_Audiences,"Brand Owners · Contractors · Interior Designers · Procurement Managers",,needs_review,
BlogDetail,DecisionTags_StageVal,Market Research & Supplier Evaluation,,needs_review,
BlogDetail,FAQ_Title,Frequently Asked Questions,,needs_review,
BlogDetail,Related_Title,Related Articles,,needs_review,
BlogDetail,Related_ReadMore,Read More →,,needs_review,
BlogDetail,Share_Title,Share,,needs_review,
BlogDetail,TOC_Title,Table of Contents,,needs_review,
BlogDetail,TOC_Loading,Loading...,,needs_review,
BlogDetail,TOC_NoSections,No sections found,,needs_review,
BlogDetail,CTA_Title,Want to Learn More?,,needs_review,
BlogDetail,CTA_Desc,"Browse our product range or contact our sales team for expert advice.",,needs_review,
BlogDetail,CTA_Button1,View Products,,needs_review,
BlogDetail,CTA_Button2,Contact Us,,needs_review,
=== DOCUMENTATION PAGE (documentation.astro) ===,,,,,
Documentation,SEO_Title,Documentation - Resources & Guides,,needs_review,
Documentation,Hero_Capsule,Factory Documents & Product Resources,,needs_review,
Documentation,Hero_Title1,Technical,,needs_review,
Documentation,Hero_Title2,Documentation,,needs_review,
Documentation,Hero_Desc,"Access product information, technical specifications, quality documents, and factory support resources for PVC decorative films and related materials.",,needs_review,
Documentation,Hero_Stat1,100+ Documents,,needs_review,
Documentation,Hero_Stat2,Regular Updates,,needs_review,
Documentation,Hero_Stat3,24/7 Access,,needs_review,
Documentation,Search_Placeholder,"Search documentation, guides, and resources...",,needs_review,
Documentation,Search_Button,Search,,needs_review,
Documentation,QuickLinks,Quick links:,,needs_review,
Documentation,QuickLink_GettingStarted,Getting Started,,needs_review,
Documentation,QuickLink_API,API Docs,,needs_review,
Documentation,QuickLink_Compliance,Compliance,,needs_review,
Documentation,QuickLink_FAQ,FAQ,,needs_review,
Documentation,Cat1_Title,Getting Started,,needs_review,
Documentation,Cat1_Doc1_Title,Quick Start Guide,,needs_review,
Documentation,Cat1_Doc1_Desc,"Get up and running in minutes with our comprehensive onboarding guide",,needs_review,
Documentation,Cat1_Doc2_Title,Onboarding Checklist,,needs_review,
Documentation,Cat1_Doc2_Desc,"Everything you need to get started with our platform",,needs_review,
Documentation,Cat1_Doc3_Title,Service Overview,,needs_review,
Documentation,Cat1_Doc3_Desc,"Understand our complete range of capabilities and services",,needs_review,
Documentation,Cat2_Title,Operations Manual,,needs_review,
Documentation,Cat2_Doc1_Title,Warehousing Procedures,,needs_review,
Documentation,Cat2_Doc1_Desc,"Complete storage and handling guidelines for all product types",,needs_review,
Documentation,Cat2_Doc2_Title,Manufacturing Processes,,needs_review,
Documentation,Cat2_Doc2_Desc,"Quality control standards and production workflows",,needs_review,
Documentation,Cat2_Doc3_Title,Shipping Guidelines,,needs_review,
Documentation,Cat2_Doc3_Desc,"Transportation protocols and delivery procedures",,needs_review,
Documentation,Cat2_Doc4_Title,Safety Protocols,,needs_review,
Documentation,Cat2_Doc4_Desc,"Comprehensive workplace safety and compliance standards",,needs_review,
Documentation,Cat3_Title,Technical Documentation,,needs_review,
Documentation,Cat3_Doc1_Title,API Integration Guide,,needs_review,
Documentation,Cat3_Doc1_Desc,"Connect your systems with our RESTful API endpoints",,needs_review,
Documentation,Cat3_Doc2_Title,EDI Specifications,,needs_review,
Documentation,Cat3_Doc2_Desc,"Electronic data interchange standards and formats",,needs_review,
Documentation,Cat3_Doc3_Title,WMS User Manual,,needs_review,
Documentation,Cat3_Doc3_Desc,"Complete warehouse management system documentation",,needs_review,
Documentation,Cat3_Doc4_Title,Tracking Portal Guide,,needs_review,
Documentation,Cat3_Doc4_Desc,"Real-time shipment tracking and monitoring tools",,needs_review,
Documentation,Cat4_Title,Compliance & Certifications,,needs_review,
Documentation,Cat4_Doc1_Title,ISO 9001 Certificate,,needs_review,
Documentation,Cat4_Doc1_Desc,"Quality management system certification documentation",,needs_review,
Documentation,Cat4_Doc2_Title,FDA Registration,,needs_review,
Documentation,Cat4_Doc2_Desc,"Food and drug administration compliance records",,needs_review,
Documentation,Cat4_Doc3_Title,C-TPAT Certification,,needs_review,
Documentation,Cat4_Doc3_Desc,"Customs trade partnership against terrorism",,needs_review,
Documentation,Cat4_Doc4_Title,Safety Data Sheets,,needs_review,
Documentation,Cat4_Doc4_Desc,"Comprehensive material safety information database",,needs_review,
Documentation,Cat5_Title,Best Practices,,needs_review,
Documentation,Cat5_Doc1_Title,Inventory Optimization,,needs_review,
Documentation,Cat5_Doc1_Desc,"Strategies to maximize efficiency and reduce costs",,needs_review,
Documentation,Cat5_Doc2_Title,Packaging Guidelines,,needs_review,
Documentation,Cat5_Doc2_Desc,"Best practices for product protection and presentation",,needs_review,
Documentation,Cat5_Doc3_Title,Supply Chain Tips,,needs_review,
Documentation,Cat5_Doc3_Desc,"Proven methods to streamline your operations",,needs_review,
Documentation,Cat5_Doc4_Title,Sustainability Guide,,needs_review,
Documentation,Cat5_Doc4_Desc,"Eco-friendly logistics solutions and practices",,needs_review,
Documentation,Cat6_Title,Forms & Templates,,needs_review,
Documentation,Cat6_Doc1_Title,Bill of Lading Template,,needs_review,
Documentation,Cat6_Doc1_Desc,"Standard shipping documentation template",,needs_review,
Documentation,Cat6_Doc2_Title,Packing List Form,,needs_review,
Documentation,Cat6_Doc2_Desc,"Itemized shipment details and inventory form",,needs_review,
Documentation,Cat6_Doc3_Title,Inspection Checklist,,needs_review,
Documentation,Cat6_Doc3_Desc,"Quality control and verification template",,needs_review,
Documentation,Cat6_Doc4_Title,Incident Report Form,,needs_review,
Documentation,Cat6_Doc4_Desc,"Standardized issue reporting and tracking form",,needs_review,
Documentation,DocCount_Label,{n} Documents Available,,needs_review,
Documentation,DocSize_Label,Size:,,needs_review,
Documentation,Download_Button,Download,,needs_review,
Documentation,FAQ_Capsule,Support,,needs_review,
Documentation,FAQ_Title,"Frequently Asked <gradient>Questions</gradient>",,needs_review,
Documentation,FAQ_Subtitle,"Quick answers to common questions about our documentation and resources.",,needs_review,
Documentation,FAQ1_Q,How do I access the customer portal?,,needs_review,
Documentation,FAQ1_A,"Contact your account manager to receive login credentials for our secure customer portal. Once registered, you can track shipments, view inventory, generate reports, and manage your account 24/7 from anywhere in the world.",,needs_review,
Documentation,FAQ2_Q,What file formats are supported for EDI?,,needs_review,
Documentation,FAQ2_A,"We support all standard EDI formats including X12 (850, 856, 810, 997, etc.), EDIFACT, and custom XML formats. Our integration team can work with your existing systems to ensure seamless data exchange and compatibility.",,needs_review,
Documentation,FAQ3_Q,Where can I find safety data sheets (SDS)?,,needs_review,
Documentation,FAQ3_A,"All safety data sheets are available in the Compliance & Certifications section of this documentation center. You can also request specific SDS documents directly from your account manager or through our support portal.",,needs_review,
Documentation,FAQ4_Q,How often is documentation updated?,,needs_review,
Documentation,FAQ4_A,"Documentation is reviewed and updated quarterly, or more frequently as needed for regulatory changes, system updates, or process improvements. You will be notified of any critical updates via email and through the customer portal.",,needs_review,
Documentation,FAQ5_Q,Can I download multiple documents at once?,,needs_review,
Documentation,FAQ5_A,"Yes, you can select multiple documents and download them as a ZIP archive. Simply use the bulk selection feature available in each category section to download multiple files simultaneously.",,needs_review,
Documentation,FAQ6_Q,Is there a mobile app for accessing documentation?,,needs_review,
Documentation,FAQ6_A,"Yes, our mobile application is available for both iOS and Android devices. You can download it from the App Store or Google Play Store. The app provides full access to all documentation and features offline reading capabilities.",,needs_review,
Documentation,Help_Title,"Need More <gradient>Help?</gradient>",,needs_review,
Documentation,Help_Subtitle,"Our team is here to assist you with any questions or support you need.",,needs_review,
Documentation,Help_Card1_Title,Need Support?,,needs_review,
Documentation,Help_Card1_Desc,"Our support team is available 24/7 to help with any questions or technical issues you may encounter.",,needs_review,
Documentation,Help_Card1_CTA,Contact Support,,needs_review,
Documentation,Help_Card2_Title,Training Resources,,needs_review,
Documentation,Help_Card2_Desc,"Access comprehensive video tutorials, webinars, and training materials to master our platform.",,needs_review,
Documentation,Help_Card2_CTA,View Training,,needs_review,
Documentation,Help_Card3_Title,Stay Updated,,needs_review,
Documentation,Help_Card3_Desc,"Subscribe to receive notifications about new documentation, updates, and important announcements.",,needs_review,
Documentation,Help_Card3_CTA,Subscribe,,needs_review,
=== CONSTANTS (constants.ts) ===,,,,,
Constants,Industry_Automotive,Automotive,,needs_review,
Constants,Industry_Electronics,Electronics,,needs_review,
Constants,Industry_FoodBeverage,Food & Beverage,,needs_review,
Constants,Industry_Pharmaceuticals,Pharmaceuticals,,needs_review,
Constants,Industry_Retail,Retail & E-commerce,,needs_review,
Constants,Industry_Industrial,Industrial Manufacturing,,needs_review,
Constants,Capability1_Title,Warehousing & Distribution,,needs_review,
Constants,Capability1_Desc,"State-of-the-art warehousing solutions with advanced inventory management.",,needs_review,
Constants,Capability2_Title,Transportation & Logistics,,needs_review,
Constants,Capability2_Desc,"Efficient transportation networks ensuring timely delivery.",,needs_review,
Constants,Capability3_Title,Manufacturing Support,,needs_review,
Constants,Capability3_Desc,"Comprehensive manufacturing support services.",,needs_review,
Constants,Capability4_Title,Supply Chain Management,,needs_review,
Constants,Capability4_Desc,"End-to-end supply chain optimization and management.",,needs_review,
Constants,Capability5_Title,Technology Solutions,,needs_review,
Constants,Capability5_Desc,"Cutting-edge technology for logistics and manufacturing.",,needs_review,
=== IMAGE ASSETS INVENTORY ===,,,,,
Image,Product_Images,/assets/product/product (1).jpg ~ product (24).jpg,,needs_review,24 product sample images
Image,Show_Images,/assets/show/show (1).jpg ~ show (28).jpg,,needs_review,28 application scene images
Image,Key_Visual,PVC.webp,,needs_review,PVC product visual
Image,Blog_Banner,/assets/blogbaner.jpg,,needs_review,
Image,Stock_Brand1,/assets/imgi_103_true-earth-stones_oyster_va1.webp,,needs_review,
Image,Stock_Brand2,/assets/imgi_144_ridge_agate_va1.webp,,needs_review,
Image,Stock_Brand3,/assets/imgi_388_nav-sustainability-1.2.png,,needs_review,
Image,Stock_Brand4,/assets/imgi_391_nav-sustainability-2.3.png,,needs_review,
Image,Stock_Brand5,/assets/imgi_395_nav-sustainability-3-3.jpg,,needs_review,
Image,Stock_Brand6,/assets/imgi_402_nav-sustainability-3.2.png,,needs_review,
Image,Stock_Brand7,/assets/imgi_407_nav-design-1.4.jpg,,needs_review,
Image,Stock_Brand8,/assets/imgi_425_nav-segment-eaaa-hospitality.jpg,,needs_review,
Image,Stock_Photo,/assets/photo-*.jpg (40+ generic stock photos),,needs_review,Generic stock photos - should be replaced with real factory/product images
Image,Screenshot1,/assets/ScreenShot_2026-07-30_220841_590.jpg,,needs_review,
Image,Screenshot2,/assets/ScreenShot_2026-08-02_113018_626.jpg,,needs_review,
Image,Author_Avatar,/images/authors/david-chen.jpg,,needs_review,Referenced but may not exist yet